<?xml version="1.0" encoding="UTF-8"?><idempiere Name="2Pack_1.0.0" Version="1.0.0" idempiereVersion="" DataBaseVersion="" Description="" Author="" AuthorEmail="" CreatedDate="2024-09-06 17:38:38.415" UpdatedDate="2024-09-06 17:38:59.804" PackOutVersion="100" UpdateDictionary="false" Client="0-SYSTEM-System" AD_Client_UU="11237b53-9592-4af1-b3c5-afd216514b5d">
    <AD_Menu type="table">
        <SeqNo>999</SeqNo>
        <AD_Client_ID>0</AD_Client_ID>
        <AD_Org_ID>0</AD_Org_ID>
        <Name>Custom CSS</Name>
        <Description/>
        <Action>W</Action>
        <AD_Window_ID reference="uuid" reference-key="AD_Window">731de89a-ebb9-43f4-9466-f5e4f8a0bd7f</AD_Window_ID>
        <AD_Workflow_ID reference="id"/>
        <AD_Task_ID reference="id"/>
        <IsActive>Y</IsActive>
        <IsSummary>N</IsSummary>
        <AD_Process_ID reference="id"/>
        <IsSOTrx>Y</IsSOTrx>
        <AD_Form_ID reference="id"/>
        <IsReadOnly>N</IsReadOnly>
        <EntityType>U</EntityType>
        <IsCentrallyMaintained>Y</IsCentrallyMaintained>
        <AD_Menu_UU>9c864831-b219-4000-8523-83e7596121a4</AD_Menu_UU>
        <AD_InfoWindow_ID reference="id"/>
        <PredefinedContextVariables/>
        <AD_Menu_Trl type="translation">
            <Description/>
            <Name>Custom CSS</Name>
            <AD_Language>es_CO</AD_Language>
            <IsActive>Y</IsActive>
            <IsTranslated>N</IsTranslated>
        </AD_Menu_Trl>
        <AD_Window type="table">
            <AD_Client_ID>0</AD_Client_ID>
            <AD_Org_ID>0</AD_Org_ID>
            <Name>Custom CSS</Name>
            <Description/>
            <Help/>
            <IsActive>Y</IsActive>
            <WindowType>M</WindowType>
            <Processing>N</Processing>
            <AD_Color_ID reference="id"/>
            <AD_Image_ID reference="id"/>
            <EntityType>U</EntityType>
            <IsSOTrx>Y</IsSOTrx>
            <IsDefault>N</IsDefault>
            <WinHeight/>
            <WinWidth/>
            <IsBetaFunctionality>N</IsBetaFunctionality>
            <AD_Window_UU>731de89a-ebb9-43f4-9466-f5e4f8a0bd7f</AD_Window_UU>
            <TitleLogic/>
            <PredefinedContextVariables/>
            <AD_Window_Trl type="translation">
                <Description/>
                <Help/>
                <Name>Custom CSS</Name>
                <AD_Language>es_CO</AD_Language>
                <IsActive>Y</IsActive>
                <IsTranslated>N</IsTranslated>
            </AD_Window_Trl>
            <AD_Table type="table">
                <AD_Client_ID>0</AD_Client_ID>
                <AD_Org_ID>0</AD_Org_ID>
                <Name>Custom CSS</Name>
                <Description/>
                <Help/>
                <AD_Window_ID reference="uuid" reference-key="AD_Window">731de89a-ebb9-43f4-9466-f5e4f8a0bd7f</AD_Window_ID>
                <AD_Val_Rule_ID reference="id"/>
                <TableName>BXS_CSSCustom</TableName>
                <LoadSeq>0</LoadSeq>
                <AccessLevel>4</AccessLevel>
                <IsActive>Y</IsActive>
                <IsSecurityEnabled>N</IsSecurityEnabled>
                <IsDeleteable>Y</IsDeleteable>
                <IsHighVolume>N</IsHighVolume>
                <IsView>N</IsView>
                <EntityType>U</EntityType>
                <ImportTable>N</ImportTable>
                <IsChangeLog>Y</IsChangeLog>
                <ReplicationType>L</ReplicationType>
                <PO_Window_ID reference="id"/>
                <CopyColumnsFromTable>N</CopyColumnsFromTable>
                <IsCentrallyMaintained>Y</IsCentrallyMaintained>
                <AD_Table_UU>bf353a9e-b6d2-4006-99d4-7df46f1362a2</AD_Table_UU>
                <Processing>N</Processing>
                <DatabaseViewDrop>N</DatabaseViewDrop>
                <CopyComponentsFromView>N</CopyComponentsFromView>
                <CreateWindowFromTable>N</CreateWindowFromTable>
                <IsShowInDrillOptions>N</IsShowInDrillOptions>
                <IsPartition>N</IsPartition>
                <CreatePartition>N</CreatePartition>
                <AD_Element type="table">
                    <AD_Client_ID>0</AD_Client_ID>
                    <AD_Org_ID>0</AD_Org_ID>
                    <IsActive>Y</IsActive>
                    <ColumnName>BXS_CSSCustom_ID</ColumnName>
                    <Name>Custom CSS</Name>
                    <Description/>
                    <Help/>
                    <PrintName>Custom CSS</PrintName>
                    <PO_Description/>
                    <PO_Help/>
                    <PO_Name/>
                    <PO_PrintName/>
                    <EntityType>U</EntityType>
                    <AD_Element_UU>8093c009-828d-4d7c-bc2e-44bc8cdc6b3a</AD_Element_UU>
                    <Placeholder/>
                    <AD_Element_Trl type="translation">
                        <Description/>
                        <Help/>
                        <Name>Custom CSS</Name>
                        <Placeholder/>
                        <PO_Description/>
                        <PO_Help/>
                        <PO_Name/>
                        <PO_PrintName/>
                        <PrintName>Custom CSS</PrintName>
                        <AD_Language>es_CO</AD_Language>
                        <IsActive>Y</IsActive>
                        <IsTranslated>N</IsTranslated>
                    </AD_Element_Trl>
                </AD_Element>
                <AD_Column type="table">
                    <IsSyncDatabase>Y</IsSyncDatabase>
                    <AD_Table_ID reference="uuid" reference-key="AD_Table">bf353a9e-b6d2-4006-99d4-7df46f1362a2</AD_Table_ID>
                    <AD_Reference_Value_ID reference="id"/>
                    <AD_Client_ID>0</AD_Client_ID>
                    <AD_Org_ID>0</AD_Org_ID>
                    <Version>0.0</Version>
                    <Name>Custom CSS</Name>
                    <Description/>
                    <Help/>
                    <AD_Val_Rule_ID reference="id"/>
                    <ColumnName>BXS_CSSCustom_ID</ColumnName>
                    <DefaultValue/>
                    <FieldLength>22</FieldLength>
                    <IsKey>Y</IsKey>
                    <IsParent>N</IsParent>
                    <IsMandatory>Y</IsMandatory>
                    <IsTranslated>N</IsTranslated>
                    <IsIdentifier>N</IsIdentifier>
                    <SeqNo/>
                    <IsEncrypted>N</IsEncrypted>
                    <AD_Reference_ID reference="id">13</AD_Reference_ID>
                    <IsActive>Y</IsActive>
                    <VFormat/>
                    <Callout/>
                    <AD_Element_ID reference="uuid" reference-key="AD_Element">8093c009-828d-4d7c-bc2e-44bc8cdc6b3a</AD_Element_ID>
                    <IsUpdateable>N</IsUpdateable>
                    <AD_Process_ID reference="id"/>
                    <ValueMin/>
                    <ValueMax/>
                    <IsSelectionColumn>N</IsSelectionColumn>
                    <ReadOnlyLogic/>
                    <EntityType>U</EntityType>
                    <IsAlwaysUpdateable>N</IsAlwaysUpdateable>
                    <ColumnSQL/>
                    <MandatoryLogic/>
                    <IsAutocomplete>N</IsAutocomplete>
                    <IsAllowLogging>Y</IsAllowLogging>
                    <FormatPattern/>
                    <AD_Chart_ID reference="id"/>
                    <AD_Column_UU>e4913155-6006-40b2-8742-7967730591e5</AD_Column_UU>
                    <IsAllowCopy>Y</IsAllowCopy>
                    <SeqNoSelection/>
                    <IsToolbarButton>N</IsToolbarButton>
                    <IsSecure>N</IsSecure>
                    <FKConstraintName/>
                    <FKConstraintType>N</FKConstraintType>
                    <PA_DashboardContent_ID reference="id"/>
                    <Placeholder/>
                    <IsHtml>N</IsHtml>
                    <AD_Val_Rule_Lookup_ID reference="id"/>
                    <AlwaysUpdatableLogic/>
                    <AD_InfoWindow_ID reference="id"/>
                    <FKConstraintMsg_ID reference="id"/>
                    <PartitioningMethod/>
                    <IsPartitionKey>N</IsPartitionKey>
                    <SeqNoPartition/>
                    <RangePartitionInterval/>
                </AD_Column>
                <AD_Column type="table">
                    <IsSyncDatabase>Y</IsSyncDatabase>
                    <AD_Table_ID reference="uuid" reference-key="AD_Table">bf353a9e-b6d2-4006-99d4-7df46f1362a2</AD_Table_ID>
                    <AD_Reference_Value_ID reference="id"/>
                    <AD_Client_ID>0</AD_Client_ID>
                    <AD_Org_ID>0</AD_Org_ID>
                    <Version>0.0</Version>
                    <Name>Tenant</Name>
                    <Description>Tenant for this installation.</Description>
                    <Help>A Tenant is a company or a legal entity. You cannot share data between Tenants.</Help>
                    <AD_Val_Rule_ID reference="id"/>
                    <ColumnName>AD_Client_ID</ColumnName>
                    <DefaultValue>@#AD_Client_ID@</DefaultValue>
                    <FieldLength>10</FieldLength>
                    <IsKey>N</IsKey>
                    <IsParent>N</IsParent>
                    <IsMandatory>Y</IsMandatory>
                    <IsTranslated>N</IsTranslated>
                    <IsIdentifier>N</IsIdentifier>
                    <SeqNo/>
                    <IsEncrypted>N</IsEncrypted>
                    <AD_Reference_ID reference="id">30</AD_Reference_ID>
                    <IsActive>Y</IsActive>
                    <VFormat/>
                    <Callout/>
                    <AD_Element_ID reference="id">102</AD_Element_ID>
                    <IsUpdateable>N</IsUpdateable>
                    <AD_Process_ID reference="id"/>
                    <ValueMin/>
                    <ValueMax/>
                    <IsSelectionColumn>N</IsSelectionColumn>
                    <ReadOnlyLogic>1=1</ReadOnlyLogic>
                    <EntityType>U</EntityType>
                    <IsAlwaysUpdateable>N</IsAlwaysUpdateable>
                    <ColumnSQL/>
                    <MandatoryLogic/>
                    <IsAutocomplete>N</IsAutocomplete>
                    <IsAllowLogging>Y</IsAllowLogging>
                    <FormatPattern/>
                    <AD_Chart_ID reference="id"/>
                    <AD_Column_UU>f21dd888-68a9-45e3-94d6-9122c6a97769</AD_Column_UU>
                    <IsAllowCopy>N</IsAllowCopy>
                    <SeqNoSelection/>
                    <IsToolbarButton>N</IsToolbarButton>
                    <IsSecure>N</IsSecure>
                    <FKConstraintName>ADClient_BXSCSSCustom</FKConstraintName>
                    <FKConstraintType>N</FKConstraintType>
                    <PA_DashboardContent_ID reference="id"/>
                    <Placeholder/>
                    <IsHtml>N</IsHtml>
                    <AD_Val_Rule_Lookup_ID reference="id"/>
                    <AlwaysUpdatableLogic/>
                    <AD_InfoWindow_ID reference="id"/>
                    <FKConstraintMsg_ID reference="id"/>
                    <PartitioningMethod/>
                    <IsPartitionKey>N</IsPartitionKey>
                    <SeqNoPartition/>
                    <RangePartitionInterval/>
                </AD_Column>
                <AD_Column type="table">
                    <IsSyncDatabase>Y</IsSyncDatabase>
                    <AD_Table_ID reference="uuid" reference-key="AD_Table">bf353a9e-b6d2-4006-99d4-7df46f1362a2</AD_Table_ID>
                    <AD_Reference_Value_ID reference="id"/>
                    <AD_Client_ID>0</AD_Client_ID>
                    <AD_Org_ID>0</AD_Org_ID>
                    <Version>0.0</Version>
                    <Name>Organization</Name>
                    <Description>Organizational entity within tenant</Description>
                    <Help>An organization is a unit of your tenant or legal entity - examples are store, department. You can share data between organizations.</Help>
                    <AD_Val_Rule_ID reference="id"/>
                    <ColumnName>AD_Org_ID</ColumnName>
                    <DefaultValue>@AD_Org_ID@</DefaultValue>
                    <FieldLength>10</FieldLength>
                    <IsKey>N</IsKey>
                    <IsParent>N</IsParent>
                    <IsMandatory>Y</IsMandatory>
                    <IsTranslated>N</IsTranslated>
                    <IsIdentifier>N</IsIdentifier>
                    <SeqNo/>
                    <IsEncrypted>N</IsEncrypted>
                    <AD_Reference_ID reference="id">19</AD_Reference_ID>
                    <IsActive>Y</IsActive>
                    <VFormat/>
                    <Callout/>
                    <AD_Element_ID reference="id">113</AD_Element_ID>
                    <IsUpdateable>N</IsUpdateable>
                    <AD_Process_ID reference="id"/>
                    <ValueMin/>
                    <ValueMax/>
                    <IsSelectionColumn>N</IsSelectionColumn>
                    <ReadOnlyLogic/>
                    <EntityType>U</EntityType>
                    <IsAlwaysUpdateable>N</IsAlwaysUpdateable>
                    <ColumnSQL/>
                    <MandatoryLogic/>
                    <IsAutocomplete>N</IsAutocomplete>
                    <IsAllowLogging>Y</IsAllowLogging>
                    <FormatPattern/>
                    <AD_Chart_ID reference="id"/>
                    <AD_Column_UU>c97fe4e8-94ce-442a-9f10-4426c5fedc9a</AD_Column_UU>
                    <IsAllowCopy>N</IsAllowCopy>
                    <SeqNoSelection/>
                    <IsToolbarButton>N</IsToolbarButton>
                    <IsSecure>N</IsSecure>
                    <FKConstraintName>ADOrg_BXSCSSCustom</FKConstraintName>
                    <FKConstraintType>N</FKConstraintType>
                    <PA_DashboardContent_ID reference="id"/>
                    <Placeholder/>
                    <IsHtml>N</IsHtml>
                    <AD_Val_Rule_Lookup_ID reference="id"/>
                    <AlwaysUpdatableLogic/>
                    <AD_InfoWindow_ID reference="id"/>
                    <FKConstraintMsg_ID reference="id"/>
                    <PartitioningMethod/>
                    <IsPartitionKey>N</IsPartitionKey>
                    <SeqNoPartition/>
                    <RangePartitionInterval/>
                </AD_Column>
                <AD_Column type="table">
                    <IsSyncDatabase>Y</IsSyncDatabase>
                    <AD_Table_ID reference="uuid" reference-key="AD_Table">bf353a9e-b6d2-4006-99d4-7df46f1362a2</AD_Table_ID>
                    <AD_Reference_Value_ID reference="id"/>
                    <AD_Client_ID>0</AD_Client_ID>
                    <AD_Org_ID>0</AD_Org_ID>
                    <Version>0.0</Version>
                    <Name>Created</Name>
                    <Description>Date this record was created</Description>
                    <Help>The Created field indicates the date that this record was created.</Help>
                    <AD_Val_Rule_ID reference="id"/>
                    <ColumnName>Created</ColumnName>
                    <DefaultValue/>
                    <FieldLength>7</FieldLength>
                    <IsKey>N</IsKey>
                    <IsParent>N</IsParent>
                    <IsMandatory>Y</IsMandatory>
                    <IsTranslated>N</IsTranslated>
                    <IsIdentifier>N</IsIdentifier>
                    <SeqNo/>
                    <IsEncrypted>N</IsEncrypted>
                    <AD_Reference_ID reference="id">16</AD_Reference_ID>
                    <IsActive>Y</IsActive>
                    <VFormat/>
                    <Callout/>
                    <AD_Element_ID reference="id">245</AD_Element_ID>
                    <IsUpdateable>N</IsUpdateable>
                    <AD_Process_ID reference="id"/>
                    <ValueMin/>
                    <ValueMax/>
                    <IsSelectionColumn>N</IsSelectionColumn>
                    <ReadOnlyLogic/>
                    <EntityType>U</EntityType>
                    <IsAlwaysUpdateable>N</IsAlwaysUpdateable>
                    <ColumnSQL/>
                    <MandatoryLogic/>
                    <IsAutocomplete>N</IsAutocomplete>
                    <IsAllowLogging>Y</IsAllowLogging>
                    <FormatPattern/>
                    <AD_Chart_ID reference="id"/>
                    <AD_Column_UU>74506d7a-5489-42a7-b95e-b6410c4cde8e</AD_Column_UU>
                    <IsAllowCopy>Y</IsAllowCopy>
                    <SeqNoSelection/>
                    <IsToolbarButton>N</IsToolbarButton>
                    <IsSecure>N</IsSecure>
                    <FKConstraintName/>
                    <FKConstraintType>N</FKConstraintType>
                    <PA_DashboardContent_ID reference="id"/>
                    <Placeholder/>
                    <IsHtml>N</IsHtml>
                    <AD_Val_Rule_Lookup_ID reference="id"/>
                    <AlwaysUpdatableLogic/>
                    <AD_InfoWindow_ID reference="id"/>
                    <FKConstraintMsg_ID reference="id"/>
                    <PartitioningMethod/>
                    <IsPartitionKey>N</IsPartitionKey>
                    <SeqNoPartition/>
                    <RangePartitionInterval/>
                </AD_Column>
                <AD_Column type="table">
                    <IsSyncDatabase>Y</IsSyncDatabase>
                    <AD_Table_ID reference="uuid" reference-key="AD_Table">bf353a9e-b6d2-4006-99d4-7df46f1362a2</AD_Table_ID>
                    <AD_Reference_Value_ID reference="id">110</AD_Reference_Value_ID>
                    <AD_Client_ID>0</AD_Client_ID>
                    <AD_Org_ID>0</AD_Org_ID>
                    <Version>0.0</Version>
                    <Name>Created By</Name>
                    <Description>User who created this records</Description>
                    <Help>The Created By field indicates the user who created this record.</Help>
                    <AD_Val_Rule_ID reference="id"/>
                    <ColumnName>CreatedBy</ColumnName>
                    <DefaultValue/>
                    <FieldLength>10</FieldLength>
                    <IsKey>N</IsKey>
                    <IsParent>N</IsParent>
                    <IsMandatory>Y</IsMandatory>
                    <IsTranslated>N</IsTranslated>
                    <IsIdentifier>N</IsIdentifier>
                    <SeqNo/>
                    <IsEncrypted>N</IsEncrypted>
                    <AD_Reference_ID reference="id">30</AD_Reference_ID>
                    <IsActive>Y</IsActive>
                    <VFormat/>
                    <Callout/>
                    <AD_Element_ID reference="id">246</AD_Element_ID>
                    <IsUpdateable>N</IsUpdateable>
                    <AD_Process_ID reference="id"/>
                    <ValueMin/>
                    <ValueMax/>
                    <IsSelectionColumn>N</IsSelectionColumn>
                    <ReadOnlyLogic/>
                    <EntityType>U</EntityType>
                    <IsAlwaysUpdateable>N</IsAlwaysUpdateable>
                    <ColumnSQL/>
                    <MandatoryLogic/>
                    <IsAutocomplete>N</IsAutocomplete>
                    <IsAllowLogging>Y</IsAllowLogging>
                    <FormatPattern/>
                    <AD_Chart_ID reference="id"/>
                    <AD_Column_UU>23d633e0-e67e-4ca0-8533-459b3debff68</AD_Column_UU>
                    <IsAllowCopy>N</IsAllowCopy>
                    <SeqNoSelection/>
                    <IsToolbarButton>N</IsToolbarButton>
                    <IsSecure>N</IsSecure>
                    <FKConstraintName>CreatedBy_BXSCSSCustom</FKConstraintName>
                    <FKConstraintType>N</FKConstraintType>
                    <PA_DashboardContent_ID reference="id"/>
                    <Placeholder/>
                    <IsHtml>N</IsHtml>
                    <AD_Val_Rule_Lookup_ID reference="id"/>
                    <AlwaysUpdatableLogic/>
                    <AD_InfoWindow_ID reference="id"/>
                    <FKConstraintMsg_ID reference="id"/>
                    <PartitioningMethod/>
                    <IsPartitionKey>N</IsPartitionKey>
                    <SeqNoPartition/>
                    <RangePartitionInterval/>
                </AD_Column>
                <AD_Column type="table">
                    <IsSyncDatabase>Y</IsSyncDatabase>
                    <AD_Table_ID reference="uuid" reference-key="AD_Table">bf353a9e-b6d2-4006-99d4-7df46f1362a2</AD_Table_ID>
                    <AD_Reference_Value_ID reference="id"/>
                    <AD_Client_ID>0</AD_Client_ID>
                    <AD_Org_ID>0</AD_Org_ID>
                    <Version>0.0</Version>
                    <Name>Updated</Name>
                    <Description>Date this record was updated</Description>
                    <Help>The Updated field indicates the date that this record was updated.</Help>
                    <AD_Val_Rule_ID reference="id"/>
                    <ColumnName>Updated</ColumnName>
                    <DefaultValue/>
                    <FieldLength>7</FieldLength>
                    <IsKey>N</IsKey>
                    <IsParent>N</IsParent>
                    <IsMandatory>Y</IsMandatory>
                    <IsTranslated>N</IsTranslated>
                    <IsIdentifier>N</IsIdentifier>
                    <SeqNo/>
                    <IsEncrypted>N</IsEncrypted>
                    <AD_Reference_ID reference="id">16</AD_Reference_ID>
                    <IsActive>Y</IsActive>
                    <VFormat/>
                    <Callout/>
                    <AD_Element_ID reference="id">607</AD_Element_ID>
                    <IsUpdateable>N</IsUpdateable>
                    <AD_Process_ID reference="id"/>
                    <ValueMin/>
                    <ValueMax/>
                    <IsSelectionColumn>N</IsSelectionColumn>
                    <ReadOnlyLogic/>
                    <EntityType>U</EntityType>
                    <IsAlwaysUpdateable>N</IsAlwaysUpdateable>
                    <ColumnSQL/>
                    <MandatoryLogic/>
                    <IsAutocomplete>N</IsAutocomplete>
                    <IsAllowLogging>Y</IsAllowLogging>
                    <FormatPattern/>
                    <AD_Chart_ID reference="id"/>
                    <AD_Column_UU>1ccb66b2-853f-41ff-80bc-2a27856496ff</AD_Column_UU>
                    <IsAllowCopy>Y</IsAllowCopy>
                    <SeqNoSelection/>
                    <IsToolbarButton>N</IsToolbarButton>
                    <IsSecure>N</IsSecure>
                    <FKConstraintName/>
                    <FKConstraintType>N</FKConstraintType>
                    <PA_DashboardContent_ID reference="id"/>
                    <Placeholder/>
                    <IsHtml>N</IsHtml>
                    <AD_Val_Rule_Lookup_ID reference="id"/>
                    <AlwaysUpdatableLogic/>
                    <AD_InfoWindow_ID reference="id"/>
                    <FKConstraintMsg_ID reference="id"/>
                    <PartitioningMethod/>
                    <IsPartitionKey>N</IsPartitionKey>
                    <SeqNoPartition/>
                    <RangePartitionInterval/>
                </AD_Column>
                <AD_Column type="table">
                    <IsSyncDatabase>Y</IsSyncDatabase>
                    <AD_Table_ID reference="uuid" reference-key="AD_Table">bf353a9e-b6d2-4006-99d4-7df46f1362a2</AD_Table_ID>
                    <AD_Reference_Value_ID reference="id">110</AD_Reference_Value_ID>
                    <AD_Client_ID>0</AD_Client_ID>
                    <AD_Org_ID>0</AD_Org_ID>
                    <Version>0.0</Version>
                    <Name>Updated By</Name>
                    <Description>User who updated this records</Description>
                    <Help>The Updated By field indicates the user who updated this record.</Help>
                    <AD_Val_Rule_ID reference="id"/>
                    <ColumnName>UpdatedBy</ColumnName>
                    <DefaultValue/>
                    <FieldLength>10</FieldLength>
                    <IsKey>N</IsKey>
                    <IsParent>N</IsParent>
                    <IsMandatory>Y</IsMandatory>
                    <IsTranslated>N</IsTranslated>
                    <IsIdentifier>N</IsIdentifier>
                    <SeqNo/>
                    <IsEncrypted>N</IsEncrypted>
                    <AD_Reference_ID reference="id">30</AD_Reference_ID>
                    <IsActive>Y</IsActive>
                    <VFormat/>
                    <Callout/>
                    <AD_Element_ID reference="id">608</AD_Element_ID>
                    <IsUpdateable>N</IsUpdateable>
                    <AD_Process_ID reference="id"/>
                    <ValueMin/>
                    <ValueMax/>
                    <IsSelectionColumn>N</IsSelectionColumn>
                    <ReadOnlyLogic/>
                    <EntityType>U</EntityType>
                    <IsAlwaysUpdateable>N</IsAlwaysUpdateable>
                    <ColumnSQL/>
                    <MandatoryLogic/>
                    <IsAutocomplete>N</IsAutocomplete>
                    <IsAllowLogging>Y</IsAllowLogging>
                    <FormatPattern/>
                    <AD_Chart_ID reference="id"/>
                    <AD_Column_UU>8faf1d81-e89e-4ece-858d-cb92e44597f3</AD_Column_UU>
                    <IsAllowCopy>N</IsAllowCopy>
                    <SeqNoSelection/>
                    <IsToolbarButton>N</IsToolbarButton>
                    <IsSecure>N</IsSecure>
                    <FKConstraintName>UpdatedBy_BXSCSSCustom</FKConstraintName>
                    <FKConstraintType>N</FKConstraintType>
                    <PA_DashboardContent_ID reference="id"/>
                    <Placeholder/>
                    <IsHtml>N</IsHtml>
                    <AD_Val_Rule_Lookup_ID reference="id"/>
                    <AlwaysUpdatableLogic/>
                    <AD_InfoWindow_ID reference="id"/>
                    <FKConstraintMsg_ID reference="id"/>
                    <PartitioningMethod/>
                    <IsPartitionKey>N</IsPartitionKey>
                    <SeqNoPartition/>
                    <RangePartitionInterval/>
                </AD_Column>
                <AD_Column type="table">
                    <IsSyncDatabase>Y</IsSyncDatabase>
                    <AD_Table_ID reference="uuid" reference-key="AD_Table">bf353a9e-b6d2-4006-99d4-7df46f1362a2</AD_Table_ID>
                    <AD_Reference_Value_ID reference="id"/>
                    <AD_Client_ID>0</AD_Client_ID>
                    <AD_Org_ID>0</AD_Org_ID>
                    <Version>0.0</Version>
                    <Name>Active</Name>
                    <Description>The record is active in the system</Description>
                    <Help>There are two methods of making records unavailable in the system: One is to delete the record, the other is to de-activate the record. A de-activated record is not available for selection, but available for reports.
There are two reasons for de-activating and not deleting records:
(1) The system requires the record for audit purposes.
(2) The record is referenced by other records. E.g., you cannot delete a Business Partner, if there are invoices for this partner record existing. You de-activate the Business Partner and prevent that this record is used for future entries.</Help>
                    <AD_Val_Rule_ID reference="id"/>
                    <ColumnName>IsActive</ColumnName>
                    <DefaultValue>Y</DefaultValue>
                    <FieldLength>1</FieldLength>
                    <IsKey>N</IsKey>
                    <IsParent>N</IsParent>
                    <IsMandatory>Y</IsMandatory>
                    <IsTranslated>N</IsTranslated>
                    <IsIdentifier>N</IsIdentifier>
                    <SeqNo/>
                    <IsEncrypted>N</IsEncrypted>
                    <AD_Reference_ID reference="id">20</AD_Reference_ID>
                    <IsActive>Y</IsActive>
                    <VFormat/>
                    <Callout/>
                    <AD_Element_ID reference="id">348</AD_Element_ID>
                    <IsUpdateable>Y</IsUpdateable>
                    <AD_Process_ID reference="id"/>
                    <ValueMin/>
                    <ValueMax/>
                    <IsSelectionColumn>N</IsSelectionColumn>
                    <ReadOnlyLogic/>
                    <EntityType>U</EntityType>
                    <IsAlwaysUpdateable>N</IsAlwaysUpdateable>
                    <ColumnSQL/>
                    <MandatoryLogic/>
                    <IsAutocomplete>N</IsAutocomplete>
                    <IsAllowLogging>Y</IsAllowLogging>
                    <FormatPattern/>
                    <AD_Chart_ID reference="id"/>
                    <AD_Column_UU>40099fe0-ae43-46c3-842c-341f06872689</AD_Column_UU>
                    <IsAllowCopy>Y</IsAllowCopy>
                    <SeqNoSelection/>
                    <IsToolbarButton>N</IsToolbarButton>
                    <IsSecure>N</IsSecure>
                    <FKConstraintName/>
                    <FKConstraintType>N</FKConstraintType>
                    <PA_DashboardContent_ID reference="id"/>
                    <Placeholder/>
                    <IsHtml>N</IsHtml>
                    <AD_Val_Rule_Lookup_ID reference="id"/>
                    <AlwaysUpdatableLogic/>
                    <AD_InfoWindow_ID reference="id"/>
                    <FKConstraintMsg_ID reference="id"/>
                    <PartitioningMethod/>
                    <IsPartitionKey>N</IsPartitionKey>
                    <SeqNoPartition/>
                    <RangePartitionInterval/>
                </AD_Column>
                <AD_Element type="table">
                    <AD_Client_ID>0</AD_Client_ID>
                    <AD_Org_ID>0</AD_Org_ID>
                    <IsActive>Y</IsActive>
                    <ColumnName>BXS_CSSCustom_UU</ColumnName>
                    <Name>BXS_CSSCustom_UU</Name>
                    <Description/>
                    <Help/>
                    <PrintName>BXS_CSSCustom_UU</PrintName>
                    <PO_Description/>
                    <PO_Help/>
                    <PO_Name/>
                    <PO_PrintName/>
                    <EntityType>U</EntityType>
                    <AD_Element_UU>ad5fe20a-b6f8-4a67-a7f5-9d7994faad38</AD_Element_UU>
                    <Placeholder/>
                    <AD_Element_Trl type="translation">
                        <Description/>
                        <Help/>
                        <Name>BXS_CSSCustom_UU</Name>
                        <Placeholder/>
                        <PO_Description/>
                        <PO_Help/>
                        <PO_Name/>
                        <PO_PrintName/>
                        <PrintName>BXS_CSSCustom_UU</PrintName>
                        <AD_Language>es_CO</AD_Language>
                        <IsActive>Y</IsActive>
                        <IsTranslated>N</IsTranslated>
                    </AD_Element_Trl>
                </AD_Element>
                <AD_Column type="table">
                    <IsSyncDatabase>Y</IsSyncDatabase>
                    <AD_Table_ID reference="uuid" reference-key="AD_Table">bf353a9e-b6d2-4006-99d4-7df46f1362a2</AD_Table_ID>
                    <AD_Reference_Value_ID reference="id"/>
                    <AD_Client_ID>0</AD_Client_ID>
                    <AD_Org_ID>0</AD_Org_ID>
                    <Version>0.0</Version>
                    <Name>BXS_CSSCustom_UU</Name>
                    <Description/>
                    <Help/>
                    <AD_Val_Rule_ID reference="id"/>
                    <ColumnName>BXS_CSSCustom_UU</ColumnName>
                    <DefaultValue/>
                    <FieldLength>36</FieldLength>
                    <IsKey>N</IsKey>
                    <IsParent>N</IsParent>
                    <IsMandatory>N</IsMandatory>
                    <IsTranslated>N</IsTranslated>
                    <IsIdentifier>N</IsIdentifier>
                    <SeqNo/>
                    <IsEncrypted>N</IsEncrypted>
                    <AD_Reference_ID reference="id">200231</AD_Reference_ID>
                    <IsActive>Y</IsActive>
                    <VFormat/>
                    <Callout/>
                    <AD_Element_ID reference="uuid" reference-key="AD_Element">ad5fe20a-b6f8-4a67-a7f5-9d7994faad38</AD_Element_ID>
                    <IsUpdateable>Y</IsUpdateable>
                    <AD_Process_ID reference="id"/>
                    <ValueMin/>
                    <ValueMax/>
                    <IsSelectionColumn>N</IsSelectionColumn>
                    <ReadOnlyLogic/>
                    <EntityType>U</EntityType>
                    <IsAlwaysUpdateable>N</IsAlwaysUpdateable>
                    <ColumnSQL/>
                    <MandatoryLogic/>
                    <IsAutocomplete>N</IsAutocomplete>
                    <IsAllowLogging>Y</IsAllowLogging>
                    <FormatPattern/>
                    <AD_Chart_ID reference="id"/>
                    <AD_Column_UU>066d7605-22d0-4dc2-9658-55630935a88a</AD_Column_UU>
                    <IsAllowCopy>Y</IsAllowCopy>
                    <SeqNoSelection/>
                    <IsToolbarButton>N</IsToolbarButton>
                    <IsSecure>N</IsSecure>
                    <FKConstraintName/>
                    <FKConstraintType>N</FKConstraintType>
                    <PA_DashboardContent_ID reference="id"/>
                    <Placeholder/>
                    <IsHtml>N</IsHtml>
                    <AD_Val_Rule_Lookup_ID reference="id"/>
                    <AlwaysUpdatableLogic/>
                    <AD_InfoWindow_ID reference="id"/>
                    <FKConstraintMsg_ID reference="id"/>
                    <PartitioningMethod/>
                    <IsPartitionKey>N</IsPartitionKey>
                    <SeqNoPartition/>
                    <RangePartitionInterval/>
                </AD_Column>
                <AD_Column type="table">
                    <IsSyncDatabase>Y</IsSyncDatabase>
                    <AD_Table_ID reference="uuid" reference-key="AD_Table">bf353a9e-b6d2-4006-99d4-7df46f1362a2</AD_Table_ID>
                    <AD_Reference_Value_ID reference="id"/>
                    <AD_Client_ID>0</AD_Client_ID>
                    <AD_Org_ID>0</AD_Org_ID>
                    <Version>0.0</Version>
                    <Name>Name</Name>
                    <Description>Alphanumeric identifier of the entity</Description>
                    <Help>The name of an entity (record) is used as an default search option in addition to the search key. The name is up to 60 characters in length.</Help>
                    <AD_Val_Rule_ID reference="id"/>
                    <ColumnName>Name</ColumnName>
                    <DefaultValue/>
                    <FieldLength>60</FieldLength>
                    <IsKey>N</IsKey>
                    <IsParent>N</IsParent>
                    <IsMandatory>Y</IsMandatory>
                    <IsTranslated>N</IsTranslated>
                    <IsIdentifier>Y</IsIdentifier>
                    <SeqNo/>
                    <IsEncrypted>N</IsEncrypted>
                    <AD_Reference_ID reference="id">10</AD_Reference_ID>
                    <IsActive>Y</IsActive>
                    <VFormat/>
                    <Callout/>
                    <AD_Element_ID reference="id">469</AD_Element_ID>
                    <IsUpdateable>Y</IsUpdateable>
                    <AD_Process_ID reference="id"/>
                    <ValueMin/>
                    <ValueMax/>
                    <IsSelectionColumn>Y</IsSelectionColumn>
                    <ReadOnlyLogic/>
                    <EntityType>U</EntityType>
                    <IsAlwaysUpdateable>N</IsAlwaysUpdateable>
                    <ColumnSQL/>
                    <MandatoryLogic/>
                    <IsAutocomplete>N</IsAutocomplete>
                    <IsAllowLogging>Y</IsAllowLogging>
                    <FormatPattern/>
                    <AD_Chart_ID reference="id"/>
                    <AD_Column_UU>49445fb4-99e7-48f4-887a-6e1984a26453</AD_Column_UU>
                    <IsAllowCopy>Y</IsAllowCopy>
                    <SeqNoSelection>10</SeqNoSelection>
                    <IsToolbarButton>N</IsToolbarButton>
                    <IsSecure>N</IsSecure>
                    <FKConstraintName/>
                    <FKConstraintType>N</FKConstraintType>
                    <PA_DashboardContent_ID reference="id"/>
                    <Placeholder/>
                    <IsHtml>N</IsHtml>
                    <AD_Val_Rule_Lookup_ID reference="id"/>
                    <AlwaysUpdatableLogic/>
                    <AD_InfoWindow_ID reference="id"/>
                    <FKConstraintMsg_ID reference="id"/>
                    <PartitioningMethod/>
                    <IsPartitionKey>N</IsPartitionKey>
                    <SeqNoPartition/>
                    <RangePartitionInterval/>
                </AD_Column>
                <AD_Element type="table">
                    <AD_Client_ID>0</AD_Client_ID>
                    <AD_Org_ID>0</AD_Org_ID>
                    <IsActive>Y</IsActive>
                    <ColumnName>BXS_CustomCSS</ColumnName>
                    <Name>Custom CSS</Name>
                    <Description/>
                    <Help/>
                    <PrintName>Custom CSS</PrintName>
                    <PO_Description/>
                    <PO_Help/>
                    <PO_Name/>
                    <PO_PrintName/>
                    <EntityType>U</EntityType>
                    <AD_Element_UU>9c40a956-16e7-491c-9fd7-f06adea47f5e</AD_Element_UU>
                    <Placeholder/>
                    <AD_Element_Trl type="translation">
                        <Description/>
                        <Help/>
                        <Name>Custom CSS</Name>
                        <Placeholder/>
                        <PO_Description/>
                        <PO_Help/>
                        <PO_Name/>
                        <PO_PrintName/>
                        <PrintName>Custom CSS</PrintName>
                        <AD_Language>es_CO</AD_Language>
                        <IsActive>Y</IsActive>
                        <IsTranslated>N</IsTranslated>
                    </AD_Element_Trl>
                </AD_Element>
                <AD_Column type="table">
                    <IsSyncDatabase>Y</IsSyncDatabase>
                    <AD_Table_ID reference="uuid" reference-key="AD_Table">bf353a9e-b6d2-4006-99d4-7df46f1362a2</AD_Table_ID>
                    <AD_Reference_Value_ID reference="id"/>
                    <AD_Client_ID>0</AD_Client_ID>
                    <AD_Org_ID>0</AD_Org_ID>
                    <Version>0</Version>
                    <Name>Custom CSS</Name>
                    <Description/>
                    <Help/>
                    <AD_Val_Rule_ID reference="id"/>
                    <ColumnName>BXS_CustomCSS</ColumnName>
                    <DefaultValue/>
                    <FieldLength>10000</FieldLength>
                    <IsKey>N</IsKey>
                    <IsParent>N</IsParent>
                    <IsMandatory>Y</IsMandatory>
                    <IsTranslated>N</IsTranslated>
                    <IsIdentifier>N</IsIdentifier>
                    <SeqNo>0</SeqNo>
                    <IsEncrypted>N</IsEncrypted>
                    <AD_Reference_ID reference="id">14</AD_Reference_ID>
                    <IsActive>Y</IsActive>
                    <VFormat/>
                    <Callout/>
                    <AD_Element_ID reference="uuid" reference-key="AD_Element">9c40a956-16e7-491c-9fd7-f06adea47f5e</AD_Element_ID>
                    <IsUpdateable>Y</IsUpdateable>
                    <AD_Process_ID reference="id"/>
                    <ValueMin/>
                    <ValueMax/>
                    <IsSelectionColumn>N</IsSelectionColumn>
                    <ReadOnlyLogic/>
                    <EntityType>U</EntityType>
                    <IsAlwaysUpdateable>N</IsAlwaysUpdateable>
                    <ColumnSQL/>
                    <MandatoryLogic/>
                    <IsAutocomplete>N</IsAutocomplete>
                    <IsAllowLogging>Y</IsAllowLogging>
                    <FormatPattern/>
                    <AD_Chart_ID reference="id"/>
                    <AD_Column_UU>52f08bed-e626-43ee-bd6e-eb5494f52271</AD_Column_UU>
                    <IsAllowCopy>Y</IsAllowCopy>
                    <SeqNoSelection>0</SeqNoSelection>
                    <IsToolbarButton>N</IsToolbarButton>
                    <IsSecure>N</IsSecure>
                    <FKConstraintName/>
                    <FKConstraintType>N</FKConstraintType>
                    <PA_DashboardContent_ID reference="id"/>
                    <Placeholder/>
                    <IsHtml>N</IsHtml>
                    <AD_Val_Rule_Lookup_ID reference="id"/>
                    <AlwaysUpdatableLogic/>
                    <AD_InfoWindow_ID reference="id"/>
                    <FKConstraintMsg_ID reference="id"/>
                    <PartitioningMethod/>
                    <IsPartitionKey>N</IsPartitionKey>
                    <SeqNoPartition/>
                    <RangePartitionInterval/>
                </AD_Column>
                <AD_TableIndex type="table">
                    <AD_Client_ID>0</AD_Client_ID>
                    <AD_Org_ID>0</AD_Org_ID>
                    <AD_TableIndex_UU>e6ccd041-acf4-4250-b89c-6e4c4437b353</AD_TableIndex_UU>
                    <Description/>
                    <EntityType>U</EntityType>
                    <IsActive>Y</IsActive>
                    <Name>BXS_CSSCustom_UU_idx</Name>
                    <AD_Table_ID reference="uuid" reference-key="AD_Table">bf353a9e-b6d2-4006-99d4-7df46f1362a2</AD_Table_ID>
                    <Help/>
                    <IsCreateConstraint>Y</IsCreateConstraint>
                    <IsUnique>Y</IsUnique>
                    <Processing>N</Processing>
                    <AD_Message_ID reference="id"/>
                    <TableIndexDrop/>
                    <IsKey>N</IsKey>
                    <AD_IndexColumn type="table">
                        <AD_Client_ID>0</AD_Client_ID>
                        <AD_Org_ID>0</AD_Org_ID>
                        <AD_IndexColumn_UU>af5e5668-c6f4-401e-a22c-b59bda5891ba</AD_IndexColumn_UU>
                        <EntityType>U</EntityType>
                        <IsActive>Y</IsActive>
                        <AD_Column_ID reference="uuid" reference-key="AD_Column">066d7605-22d0-4dc2-9658-55630935a88a</AD_Column_ID>
                        <AD_TableIndex_ID reference="uuid" reference-key="AD_TableIndex">e6ccd041-acf4-4250-b89c-6e4c4437b353</AD_TableIndex_ID>
                        <ColumnSQL/>
                        <SeqNo>10</SeqNo>
                    </AD_IndexColumn>
                </AD_TableIndex>
                <AD_TableIndex type="table">
                    <AD_Client_ID>0</AD_Client_ID>
                    <AD_Org_ID>0</AD_Org_ID>
                    <AD_TableIndex_UU>66ad6ee3-a17d-4626-83f3-204b0c02a535</AD_TableIndex_UU>
                    <Description>Unique Name</Description>
                    <EntityType>U</EntityType>
                    <IsActive>Y</IsActive>
                    <Name>BXS_CustomCSSName</Name>
                    <AD_Table_ID reference="uuid" reference-key="AD_Table">bf353a9e-b6d2-4006-99d4-7df46f1362a2</AD_Table_ID>
                    <Help/>
                    <IsCreateConstraint>N</IsCreateConstraint>
                    <IsUnique>Y</IsUnique>
                    <Processing>N</Processing>
                    <AD_Message_ID reference="id"/>
                    <TableIndexDrop>N</TableIndexDrop>
                    <IsKey>N</IsKey>
                    <AD_IndexColumn type="table">
                        <AD_Client_ID>0</AD_Client_ID>
                        <AD_Org_ID>0</AD_Org_ID>
                        <AD_IndexColumn_UU>66ec290e-ed06-458b-94a6-0f0dec530d28</AD_IndexColumn_UU>
                        <EntityType>U</EntityType>
                        <IsActive>Y</IsActive>
                        <AD_Column_ID reference="uuid" reference-key="AD_Column">49445fb4-99e7-48f4-887a-6e1984a26453</AD_Column_ID>
                        <AD_TableIndex_ID reference="uuid" reference-key="AD_TableIndex">66ad6ee3-a17d-4626-83f3-204b0c02a535</AD_TableIndex_ID>
                        <ColumnSQL/>
                        <SeqNo>10</SeqNo>
                    </AD_IndexColumn>
                </AD_TableIndex>
            </AD_Table>
            <AD_Tab type="table">
                <AD_Client_ID>0</AD_Client_ID>
                <AD_Org_ID>0</AD_Org_ID>
                <Name>Custom CSS</Name>
                <Description/>
                <Help/>
                <AD_Window_ID reference="uuid" reference-key="AD_Window">731de89a-ebb9-43f4-9466-f5e4f8a0bd7f</AD_Window_ID>
                <SeqNo>10</SeqNo>
                <IsSingleRow>Y</IsSingleRow>
                <AD_Table_ID reference="uuid" reference-key="AD_Table">bf353a9e-b6d2-4006-99d4-7df46f1362a2</AD_Table_ID>
                <IsActive>Y</IsActive>
                <HasTree>N</HasTree>
                <IsInfoTab>N</IsInfoTab>
                <IsTranslationTab>N</IsTranslationTab>
                <IsReadOnly>N</IsReadOnly>
                <AD_Column_ID reference="id"/>
                <WhereClause/>
                <OrderByClause>BXS_CSSCustom.Name</OrderByClause>
                <CommitWarning/>
                <AD_Process_ID reference="id"/>
                <Processing>N</Processing>
                <AD_Image_ID reference="id"/>
                <ImportFields/>
                <TabLevel>0</TabLevel>
                <IsSortTab>N</IsSortTab>
                <AD_ColumnSortYesNo_ID reference="id"/>
                <AD_ColumnSortOrder_ID reference="id"/>
                <EntityType>U</EntityType>
                <Included_Tab_ID reference="id"/>
                <ReadOnlyLogic/>
                <DisplayLogic/>
                <IsInsertRecord>Y</IsInsertRecord>
                <IsAdvancedTab>N</IsAdvancedTab>
                <Parent_Column_ID reference="id"/>
                <AD_Tab_UU>0858e437-e683-479a-9b2e-fa6cef802fad</AD_Tab_UU>
                <AD_CtxHelp_ID reference="id"/>
                <TreeDisplayedOn>B</TreeDisplayedOn>
                <AD_TabType/>
                <IsLookupOnlySelection>N</IsLookupOnlySelection>
                <IsAllowAdvancedLookup>Y</IsAllowAdvancedLookup>
                <MaxQueryRecords>0</MaxQueryRecords>
                <IsHighVolume/>
                <DeleteConfirmationLogic/>
                <AD_Tab_Trl type="translation">
                    <CommitWarning/>
                    <Description/>
                    <Help/>
                    <Name>Custom CSS</Name>
                    <AD_Language>es_CO</AD_Language>
                    <IsActive>Y</IsActive>
                    <IsTranslated>N</IsTranslated>
                </AD_Tab_Trl>
                <AD_Field type="table">
                    <AD_Client_ID>0</AD_Client_ID>
                    <AD_Org_ID>0</AD_Org_ID>
                    <Name>Custom CSS</Name>
                    <Description/>
                    <Help/>
                    <AD_Tab_ID reference="uuid" reference-key="AD_Tab">0858e437-e683-479a-9b2e-fa6cef802fad</AD_Tab_ID>
                    <AD_Column_ID reference="uuid" reference-key="AD_Column">e4913155-6006-40b2-8742-7967730591e5</AD_Column_ID>
                    <IsDisplayed>N</IsDisplayed>
                    <DisplayLogic/>
                    <DisplayLength>22</DisplayLength>
                    <SeqNo>0</SeqNo>
                    <SortNo/>
                    <IsSameLine>N</IsSameLine>
                    <IsHeading>N</IsHeading>
                    <IsFieldOnly>N</IsFieldOnly>
                    <IsEncrypted>N</IsEncrypted>
                    <IsActive>Y</IsActive>
                    <IsReadOnly>N</IsReadOnly>
                    <IsCentrallyMaintained>Y</IsCentrallyMaintained>
                    <AD_FieldGroup_ID reference="id"/>
                    <EntityType>U</EntityType>
                    <ObscureType/>
                    <AD_Reference_ID reference="id"/>
                    <IsMandatory/>
                    <DefaultValue/>
                    <AD_Reference_Value_ID reference="id"/>
                    <AD_Val_Rule_ID reference="id"/>
                    <Included_Tab_ID reference="id"/>
                    <AD_Field_UU>b67cab77-61b3-49cb-8815-6e6e5bb0a997</AD_Field_UU>
                    <IsAllowCopy/>
                    <IsDisplayedGrid>N</IsDisplayedGrid>
                    <SeqNoGrid/>
                    <XPosition>1</XPosition>
                    <ColumnSpan>2</ColumnSpan>
                    <NumLines>1</NumLines>
                    <IsQuickEntry>N</IsQuickEntry>
                    <IsUpdateable/>
                    <IsAlwaysUpdateable/>
                    <MandatoryLogic/>
                    <ReadOnlyLogic/>
                    <IsToolbarButton/>
                    <IsDefaultFocus>N</IsDefaultFocus>
                    <IsAdvancedField>N</IsAdvancedField>
                    <VFormat/>
                    <AD_LabelStyle_ID reference="id"/>
                    <AD_FieldStyle_ID reference="id"/>
                    <IsQuickForm>N</IsQuickForm>
                    <Placeholder/>
                    <IsSelectionColumn/>
                    <AD_Val_Rule_Lookup_ID reference="id"/>
                    <ColumnSQL/>
                    <AD_Chart_ID reference="id"/>
                    <AlwaysUpdatableLogic/>
                    <AD_Field_Trl type="translation">
                        <Description/>
                        <Help/>
                        <Name>Custom CSS</Name>
                        <Placeholder/>
                        <AD_Language>es_CO</AD_Language>
                        <IsActive>Y</IsActive>
                        <IsTranslated>N</IsTranslated>
                    </AD_Field_Trl>
                </AD_Field>
                <AD_Field type="table">
                    <AD_Client_ID>0</AD_Client_ID>
                    <AD_Org_ID>0</AD_Org_ID>
                    <Name>BXS_CSSCustom_UU</Name>
                    <Description/>
                    <Help/>
                    <AD_Tab_ID reference="uuid" reference-key="AD_Tab">0858e437-e683-479a-9b2e-fa6cef802fad</AD_Tab_ID>
                    <AD_Column_ID reference="uuid" reference-key="AD_Column">066d7605-22d0-4dc2-9658-55630935a88a</AD_Column_ID>
                    <IsDisplayed>N</IsDisplayed>
                    <DisplayLogic/>
                    <DisplayLength>36</DisplayLength>
                    <SeqNo>0</SeqNo>
                    <SortNo/>
                    <IsSameLine>N</IsSameLine>
                    <IsHeading>N</IsHeading>
                    <IsFieldOnly>N</IsFieldOnly>
                    <IsEncrypted>N</IsEncrypted>
                    <IsActive>Y</IsActive>
                    <IsReadOnly>N</IsReadOnly>
                    <IsCentrallyMaintained>Y</IsCentrallyMaintained>
                    <AD_FieldGroup_ID reference="id"/>
                    <EntityType>U</EntityType>
                    <ObscureType/>
                    <AD_Reference_ID reference="id"/>
                    <IsMandatory/>
                    <DefaultValue/>
                    <AD_Reference_Value_ID reference="id"/>
                    <AD_Val_Rule_ID reference="id"/>
                    <Included_Tab_ID reference="id"/>
                    <AD_Field_UU>e8e9e7b9-6d0f-4142-82d7-e48bd20decd2</AD_Field_UU>
                    <IsAllowCopy/>
                    <IsDisplayedGrid>N</IsDisplayedGrid>
                    <SeqNoGrid/>
                    <XPosition>1</XPosition>
                    <ColumnSpan>2</ColumnSpan>
                    <NumLines>1</NumLines>
                    <IsQuickEntry>N</IsQuickEntry>
                    <IsUpdateable/>
                    <IsAlwaysUpdateable/>
                    <MandatoryLogic/>
                    <ReadOnlyLogic/>
                    <IsToolbarButton/>
                    <IsDefaultFocus>N</IsDefaultFocus>
                    <IsAdvancedField>N</IsAdvancedField>
                    <VFormat/>
                    <AD_LabelStyle_ID reference="id"/>
                    <AD_FieldStyle_ID reference="id"/>
                    <IsQuickForm>N</IsQuickForm>
                    <Placeholder/>
                    <IsSelectionColumn/>
                    <AD_Val_Rule_Lookup_ID reference="id"/>
                    <ColumnSQL/>
                    <AD_Chart_ID reference="id"/>
                    <AlwaysUpdatableLogic/>
                    <AD_Field_Trl type="translation">
                        <Description/>
                        <Help/>
                        <Name>BXS_CSSCustom_UU</Name>
                        <Placeholder/>
                        <AD_Language>es_CO</AD_Language>
                        <IsActive>Y</IsActive>
                        <IsTranslated>N</IsTranslated>
                    </AD_Field_Trl>
                </AD_Field>
                <AD_Field type="table">
                    <AD_Client_ID>0</AD_Client_ID>
                    <AD_Org_ID>0</AD_Org_ID>
                    <Name>Tenant</Name>
                    <Description>Tenant for this installation.</Description>
                    <Help>A Tenant is a company or a legal entity. You cannot share data between Tenants.</Help>
                    <AD_Tab_ID reference="uuid" reference-key="AD_Tab">0858e437-e683-479a-9b2e-fa6cef802fad</AD_Tab_ID>
                    <AD_Column_ID reference="uuid" reference-key="AD_Column">f21dd888-68a9-45e3-94d6-9122c6a97769</AD_Column_ID>
                    <IsDisplayed>Y</IsDisplayed>
                    <DisplayLogic/>
                    <DisplayLength>10</DisplayLength>
                    <SeqNo>10</SeqNo>
                    <SortNo/>
                    <IsSameLine>N</IsSameLine>
                    <IsHeading>N</IsHeading>
                    <IsFieldOnly>N</IsFieldOnly>
                    <IsEncrypted>N</IsEncrypted>
                    <IsActive>Y</IsActive>
                    <IsReadOnly>N</IsReadOnly>
                    <IsCentrallyMaintained>Y</IsCentrallyMaintained>
                    <AD_FieldGroup_ID reference="id"/>
                    <EntityType>U</EntityType>
                    <ObscureType/>
                    <AD_Reference_ID reference="id"/>
                    <IsMandatory/>
                    <DefaultValue/>
                    <AD_Reference_Value_ID reference="id"/>
                    <AD_Val_Rule_ID reference="id"/>
                    <Included_Tab_ID reference="id"/>
                    <AD_Field_UU>5d52e77d-b18e-432c-bdad-dd1326873400</AD_Field_UU>
                    <IsAllowCopy/>
                    <IsDisplayedGrid>N</IsDisplayedGrid>
                    <SeqNoGrid/>
                    <XPosition>1</XPosition>
                    <ColumnSpan>2</ColumnSpan>
                    <NumLines>1</NumLines>
                    <IsQuickEntry>N</IsQuickEntry>
                    <IsUpdateable/>
                    <IsAlwaysUpdateable/>
                    <MandatoryLogic/>
                    <ReadOnlyLogic/>
                    <IsToolbarButton/>
                    <IsDefaultFocus>N</IsDefaultFocus>
                    <IsAdvancedField>N</IsAdvancedField>
                    <VFormat/>
                    <AD_LabelStyle_ID reference="id"/>
                    <AD_FieldStyle_ID reference="id"/>
                    <IsQuickForm>N</IsQuickForm>
                    <Placeholder/>
                    <IsSelectionColumn/>
                    <AD_Val_Rule_Lookup_ID reference="id"/>
                    <ColumnSQL/>
                    <AD_Chart_ID reference="id"/>
                    <AlwaysUpdatableLogic/>
                    <AD_Field_Trl type="translation">
                        <Description>Tenant for this installation.</Description>
                        <Help>A Tenant is a company or a legal entity. You cannot share data between Tenants.</Help>
                        <Name>Tenant</Name>
                        <Placeholder/>
                        <AD_Language>es_CO</AD_Language>
                        <IsActive>Y</IsActive>
                        <IsTranslated>N</IsTranslated>
                    </AD_Field_Trl>
                </AD_Field>
                <AD_Field type="table">
                    <AD_Client_ID>0</AD_Client_ID>
                    <AD_Org_ID>0</AD_Org_ID>
                    <Name>Organization</Name>
                    <Description>Organizational entity within tenant</Description>
                    <Help>An organization is a unit of your tenant or legal entity - examples are store, department. You can share data between organizations.</Help>
                    <AD_Tab_ID reference="uuid" reference-key="AD_Tab">0858e437-e683-479a-9b2e-fa6cef802fad</AD_Tab_ID>
                    <AD_Column_ID reference="uuid" reference-key="AD_Column">c97fe4e8-94ce-442a-9f10-4426c5fedc9a</AD_Column_ID>
                    <IsDisplayed>Y</IsDisplayed>
                    <DisplayLogic/>
                    <DisplayLength>10</DisplayLength>
                    <SeqNo>20</SeqNo>
                    <SortNo/>
                    <IsSameLine>N</IsSameLine>
                    <IsHeading>N</IsHeading>
                    <IsFieldOnly>N</IsFieldOnly>
                    <IsEncrypted>N</IsEncrypted>
                    <IsActive>Y</IsActive>
                    <IsReadOnly>N</IsReadOnly>
                    <IsCentrallyMaintained>Y</IsCentrallyMaintained>
                    <AD_FieldGroup_ID reference="id"/>
                    <EntityType>U</EntityType>
                    <ObscureType/>
                    <AD_Reference_ID reference="id"/>
                    <IsMandatory/>
                    <DefaultValue/>
                    <AD_Reference_Value_ID reference="id"/>
                    <AD_Val_Rule_ID reference="id"/>
                    <Included_Tab_ID reference="id"/>
                    <AD_Field_UU>463be2ad-31dd-4681-9b51-eaef5bade145</AD_Field_UU>
                    <IsAllowCopy>Y</IsAllowCopy>
                    <IsDisplayedGrid>N</IsDisplayedGrid>
                    <SeqNoGrid/>
                    <XPosition>4</XPosition>
                    <ColumnSpan>2</ColumnSpan>
                    <NumLines>1</NumLines>
                    <IsQuickEntry>N</IsQuickEntry>
                    <IsUpdateable/>
                    <IsAlwaysUpdateable/>
                    <MandatoryLogic/>
                    <ReadOnlyLogic/>
                    <IsToolbarButton/>
                    <IsDefaultFocus>N</IsDefaultFocus>
                    <IsAdvancedField>N</IsAdvancedField>
                    <VFormat/>
                    <AD_LabelStyle_ID reference="id"/>
                    <AD_FieldStyle_ID reference="id"/>
                    <IsQuickForm>N</IsQuickForm>
                    <Placeholder/>
                    <IsSelectionColumn/>
                    <AD_Val_Rule_Lookup_ID reference="id"/>
                    <ColumnSQL/>
                    <AD_Chart_ID reference="id"/>
                    <AlwaysUpdatableLogic/>
                    <AD_Field_Trl type="translation">
                        <Description>Organizational entity within tenant</Description>
                        <Help>An organization is a unit of your tenant or legal entity - examples are store, department. You can share data between organizations.</Help>
                        <Name>Organization</Name>
                        <Placeholder/>
                        <AD_Language>es_CO</AD_Language>
                        <IsActive>Y</IsActive>
                        <IsTranslated>N</IsTranslated>
                    </AD_Field_Trl>
                </AD_Field>
                <AD_Field type="table">
                    <AD_Client_ID>0</AD_Client_ID>
                    <AD_Org_ID>0</AD_Org_ID>
                    <Name>Name</Name>
                    <Description>Alphanumeric identifier of the entity</Description>
                    <Help>The name of an entity (record) is used as an default search option in addition to the search key. The name is up to 60 characters in length.</Help>
                    <AD_Tab_ID reference="uuid" reference-key="AD_Tab">0858e437-e683-479a-9b2e-fa6cef802fad</AD_Tab_ID>
                    <AD_Column_ID reference="uuid" reference-key="AD_Column">49445fb4-99e7-48f4-887a-6e1984a26453</AD_Column_ID>
                    <IsDisplayed>Y</IsDisplayed>
                    <DisplayLogic/>
                    <DisplayLength>60</DisplayLength>
                    <SeqNo>30</SeqNo>
                    <SortNo/>
                    <IsSameLine>N</IsSameLine>
                    <IsHeading>N</IsHeading>
                    <IsFieldOnly>N</IsFieldOnly>
                    <IsEncrypted>N</IsEncrypted>
                    <IsActive>Y</IsActive>
                    <IsReadOnly>N</IsReadOnly>
                    <IsCentrallyMaintained>Y</IsCentrallyMaintained>
                    <AD_FieldGroup_ID reference="id"/>
                    <EntityType>U</EntityType>
                    <ObscureType/>
                    <AD_Reference_ID reference="id"/>
                    <IsMandatory/>
                    <DefaultValue/>
                    <AD_Reference_Value_ID reference="id"/>
                    <AD_Val_Rule_ID reference="id"/>
                    <Included_Tab_ID reference="id"/>
                    <AD_Field_UU>9da4e394-6055-4748-b007-da8e26839b56</AD_Field_UU>
                    <IsAllowCopy/>
                    <IsDisplayedGrid>Y</IsDisplayedGrid>
                    <SeqNoGrid>10</SeqNoGrid>
                    <XPosition>1</XPosition>
                    <ColumnSpan>5</ColumnSpan>
                    <NumLines>1</NumLines>
                    <IsQuickEntry>N</IsQuickEntry>
                    <IsUpdateable/>
                    <IsAlwaysUpdateable/>
                    <MandatoryLogic/>
                    <ReadOnlyLogic/>
                    <IsToolbarButton/>
                    <IsDefaultFocus>N</IsDefaultFocus>
                    <IsAdvancedField>N</IsAdvancedField>
                    <VFormat/>
                    <AD_LabelStyle_ID reference="id"/>
                    <AD_FieldStyle_ID reference="id"/>
                    <IsQuickForm>N</IsQuickForm>
                    <Placeholder/>
                    <IsSelectionColumn/>
                    <AD_Val_Rule_Lookup_ID reference="id"/>
                    <ColumnSQL/>
                    <AD_Chart_ID reference="id"/>
                    <AlwaysUpdatableLogic/>
                    <AD_Field_Trl type="translation">
                        <Description>Alphanumeric identifier of the entity</Description>
                        <Help>The name of an entity (record) is used as an default search option in addition to the search key. The name is up to 60 characters in length.</Help>
                        <Name>Name</Name>
                        <Placeholder/>
                        <AD_Language>es_CO</AD_Language>
                        <IsActive>Y</IsActive>
                        <IsTranslated>N</IsTranslated>
                    </AD_Field_Trl>
                </AD_Field>
                <AD_Field type="table">
                    <AD_Client_ID>0</AD_Client_ID>
                    <AD_Org_ID>0</AD_Org_ID>
                    <Name>Custom CSS</Name>
                    <Description/>
                    <Help/>
                    <AD_Tab_ID reference="uuid" reference-key="AD_Tab">0858e437-e683-479a-9b2e-fa6cef802fad</AD_Tab_ID>
                    <AD_Column_ID reference="uuid" reference-key="AD_Column">52f08bed-e626-43ee-bd6e-eb5494f52271</AD_Column_ID>
                    <IsDisplayed>Y</IsDisplayed>
                    <DisplayLogic/>
                    <DisplayLength>10000</DisplayLength>
                    <SeqNo>40</SeqNo>
                    <SortNo/>
                    <IsSameLine>N</IsSameLine>
                    <IsHeading>N</IsHeading>
                    <IsFieldOnly>N</IsFieldOnly>
                    <IsEncrypted>N</IsEncrypted>
                    <IsActive>Y</IsActive>
                    <IsReadOnly>N</IsReadOnly>
                    <IsCentrallyMaintained>Y</IsCentrallyMaintained>
                    <AD_FieldGroup_ID reference="id"/>
                    <EntityType>U</EntityType>
                    <ObscureType/>
                    <AD_Reference_ID reference="id"/>
                    <IsMandatory/>
                    <DefaultValue/>
                    <AD_Reference_Value_ID reference="id"/>
                    <AD_Val_Rule_ID reference="id"/>
                    <Included_Tab_ID reference="id"/>
                    <AD_Field_UU>2444d513-2ce7-4687-87e1-25b4120a1920</AD_Field_UU>
                    <IsAllowCopy/>
                    <IsDisplayedGrid>Y</IsDisplayedGrid>
                    <SeqNoGrid>20</SeqNoGrid>
                    <XPosition>1</XPosition>
                    <ColumnSpan>5</ColumnSpan>
                    <NumLines>10</NumLines>
                    <IsQuickEntry>N</IsQuickEntry>
                    <IsUpdateable/>
                    <IsAlwaysUpdateable/>
                    <MandatoryLogic/>
                    <ReadOnlyLogic/>
                    <IsToolbarButton/>
                    <IsDefaultFocus>N</IsDefaultFocus>
                    <IsAdvancedField>N</IsAdvancedField>
                    <VFormat/>
                    <AD_LabelStyle_ID reference="id"/>
                    <AD_FieldStyle_ID reference="id"/>
                    <IsQuickForm>N</IsQuickForm>
                    <Placeholder/>
                    <IsSelectionColumn/>
                    <AD_Val_Rule_Lookup_ID reference="id"/>
                    <ColumnSQL/>
                    <AD_Chart_ID reference="id"/>
                    <AlwaysUpdatableLogic/>
                    <AD_Field_Trl type="translation">
                        <Description/>
                        <Help/>
                        <Name>Custom CSS</Name>
                        <Placeholder/>
                        <AD_Language>es_CO</AD_Language>
                        <IsActive>Y</IsActive>
                        <IsTranslated>N</IsTranslated>
                    </AD_Field_Trl>
                </AD_Field>
                <AD_Field type="table">
                    <AD_Client_ID>0</AD_Client_ID>
                    <AD_Org_ID>0</AD_Org_ID>
                    <Name>Active</Name>
                    <Description>The record is active in the system</Description>
                    <Help>There are two methods of making records unavailable in the system: One is to delete the record, the other is to de-activate the record. A de-activated record is not available for selection, but available for reports.
There are two reasons for de-activating and not deleting records:
(1) The system requires the record for audit purposes.
(2) The record is referenced by other records. E.g., you cannot delete a Business Partner, if there are invoices for this partner record existing. You de-activate the Business Partner and prevent that this record is used for future entries.</Help>
                    <AD_Tab_ID reference="uuid" reference-key="AD_Tab">0858e437-e683-479a-9b2e-fa6cef802fad</AD_Tab_ID>
                    <AD_Column_ID reference="uuid" reference-key="AD_Column">40099fe0-ae43-46c3-842c-341f06872689</AD_Column_ID>
                    <IsDisplayed>Y</IsDisplayed>
                    <DisplayLogic/>
                    <DisplayLength>1</DisplayLength>
                    <SeqNo>50</SeqNo>
                    <SortNo/>
                    <IsSameLine>N</IsSameLine>
                    <IsHeading>N</IsHeading>
                    <IsFieldOnly>N</IsFieldOnly>
                    <IsEncrypted>N</IsEncrypted>
                    <IsActive>Y</IsActive>
                    <IsReadOnly>N</IsReadOnly>
                    <IsCentrallyMaintained>Y</IsCentrallyMaintained>
                    <AD_FieldGroup_ID reference="id"/>
                    <EntityType>U</EntityType>
                    <ObscureType/>
                    <AD_Reference_ID reference="id"/>
                    <IsMandatory/>
                    <DefaultValue/>
                    <AD_Reference_Value_ID reference="id"/>
                    <AD_Val_Rule_ID reference="id"/>
                    <Included_Tab_ID reference="id"/>
                    <AD_Field_UU>572e1ac4-9576-47d9-8d70-491c5db95603</AD_Field_UU>
                    <IsAllowCopy/>
                    <IsDisplayedGrid>Y</IsDisplayedGrid>
                    <SeqNoGrid>30</SeqNoGrid>
                    <XPosition>2</XPosition>
                    <ColumnSpan>2</ColumnSpan>
                    <NumLines>1</NumLines>
                    <IsQuickEntry>N</IsQuickEntry>
                    <IsUpdateable/>
                    <IsAlwaysUpdateable/>
                    <MandatoryLogic/>
                    <ReadOnlyLogic/>
                    <IsToolbarButton/>
                    <IsDefaultFocus>N</IsDefaultFocus>
                    <IsAdvancedField>N</IsAdvancedField>
                    <VFormat/>
                    <AD_LabelStyle_ID reference="id"/>
                    <AD_FieldStyle_ID reference="id"/>
                    <IsQuickForm>N</IsQuickForm>
                    <Placeholder/>
                    <IsSelectionColumn/>
                    <AD_Val_Rule_Lookup_ID reference="id"/>
                    <ColumnSQL/>
                    <AD_Chart_ID reference="id"/>
                    <AlwaysUpdatableLogic/>
                    <AD_Field_Trl type="translation">
                        <Description>The record is active in the system</Description>
                        <Help>There are two methods of making records unavailable in the system: One is to delete the record, the other is to de-activate the record. A de-activated record is not available for selection, but available for reports.
There are two reasons for de-activating and not deleting records:
(1) The system requires the record for audit purposes.
(2) The record is referenced by other records. E.g., you cannot delete a Business Partner, if there are invoices for this partner record existing. You de-activate the Business Partner and prevent that this record is used for future entries.</Help>
                        <Name>Active</Name>
                        <Placeholder/>
                        <AD_Language>es_CO</AD_Language>
                        <IsActive>Y</IsActive>
                        <IsTranslated>N</IsTranslated>
                    </AD_Field_Trl>
                </AD_Field>
            </AD_Tab>
        </AD_Window>
    </AD_Menu>
</idempiere>
